1,Berlin,52.5167,13.3833
2,Hamburg,53.55,10
3,München,48.1372,11.5755
4,Cologne,50.9422,6.9578
5,Frankfurt,50.1136,8.6797
6,Bremen,53.1153,8.7975
7,Stuttgart,48.7761,9.1775
8,Düsseldorf,51.2311,6.7724
9,Dortmund,51.5139,7.4653
10,Essen,51.4508,7.0131
11,Dresden,51.0493,13.7384
12,Leipzig,51.35,12.3833
13,Hannover,52.3744,9.7386
14,Nürnberg,49.4528,11.0778
15,Duisburg,51.4322,6.7611
16,Bochum,51.4833,7.2167
17,Wuppertal,51.2667,7.1833
18,Bielefeld,52.0167,8.5333
19,Bonn,50.7339,7.0997
20,Münster,51.9625,7.6256
21,Karlsruhe,49.0167,8.4
22,Mannheim,49.4878,8.4661
23,Augsburg,48.3717,10.8983
24,Wiesbaden,50.0825,8.24
25,Gelsenkirchen,51.5167,7.1
26,Mönchengladbach,51.2,6.4333
27,Kiel,54.3233,10.1394
28,Braunschweig,52.2692,10.5211
29,Aachen,50.7762,6.0838
30,Chemnitz,50.8333,12.9167
31,Halle,51.4828,11.9697
32,Magdeburg,52.1278,11.6292
33,Freiburg im Breisgau,47.9947,7.8497
34,Krefeld,51.3333,6.5667
35,Lübeck,53.8697,10.6864
36,Oberhausen,51.4699,6.8514
37,Rostock,54.0833,12.1333
38,Erfurt,50.9787,11.0328
39,Kassel,51.3158,9.4979
40,Hagen,51.3594,7.475
41,Mainz,50,8.2711
42,Saarbrücken,49.2333,7
43,Hamm,51.6667,7.8167
44,Potsdam,52.4,13.0667
45,Ludwigshafen,49.4811,8.4353
46,Mülheim,51.4283,6.8789
47,Oldenburg,53.1439,8.2139
48,Osnabrück,52.2789,8.0431
49,Leverkusen,51.0333,6.9833
50,Heidelberg,49.4122,8.71
51,Solingen,51.1667,7.0833
52,Darmstadt,49.8667,8.65
53,Herne,51.5426,7.219
54,Neuss,51.2003,6.6939
55,Regensburg,49.0167,12.0833
56,Paderborn,51.7167,8.7667
57,Ingolstadt,48.7636,11.4261
58,Fürth,49.4783,10.9903
59,Würzburg,49.7944,9.9294
60,Ulm,48.3984,9.9916
61,Heilbronn,49.1404,9.218
62,Pforzheim,48.895,8.705
63,Wolfsburg,52.4231,10.7872
64,Göttingen,51.5339,9.9356
65,Bottrop,51.5232,6.9253
66,Reutlingen,48.4833,9.2167
67,Koblenz,50.3597,7.5978
68,Bremerhaven,53.55,8.5833
69,Recklinghausen,51.6167,7.2
70,Erlangen,49.5964,11.0044
71,Bergisch Gladbach,50.9917,7.1367
72,Remscheid,51.1906,7.2247
73,Jena,50.9272,11.5864
74,Trier,49.7567,6.6414
75,Moers,51.4592,6.6197
76,Salzgitter,52.1503,10.3593
77,Siegen,50.8756,8.0167
78,Hildesheim,52.15,9.95
79,Gütersloh,51.9,8.3833
80,Cottbus,51.7606,14.3342
81,Kaiserslautern,49.4447,7.7689
82,Schwerin,53.6333,11.4167
83,Ludwigsburg,48.8975,9.1919
84,Esslingen,48.7406,9.3108
85,Gladbeck,51.5713,6.9827
86,Hilden,51.1714,6.9394
87,Elmshorn,53.7547,9.6536
88,Pinneberg,53.6591,9.8009
89,Kornwestheim,48.8597,9.185
90,Weingarten,47.8078,9.6417
91,Wolfratshausen,47.9133,11.4278
92,Eppelheim,49.4011,8.6297
93,Asperg,48.9064,9.1414
94,Steinbach am Taunus,50.1678,8.5719
95,Weißenthurm,50.4144,7.4606
96,Eichwalde,52.3667,13.6167
97,Witten,51.4333,7.3333
98,Hanau,50.1328,8.9169
99,Gera,50.8782,12.0824
100,Iserlohn,51.3833,7.6667
101,Düren,50.8,6.4833
102,Flensburg,54.7819,9.4367
103,Tübingen,48.52,9.0556
104,Zwickau,50.7189,12.4961
105,Gießen,50.5833,8.6667
106,Ratingen,51.3,6.85
107,Lünen,51.6167,7.5167
108,Konstanz,47.6633,9.1753
109,Villingen-Schwenningen,48.0603,8.4586
110,Marl,51.6667,7.1167
111,Worms,49.6319,8.3653
112,Velbert,51.34,7.0416
113,Minden,52.2883,8.9167
114,Dessau-Roßlau,51.8333,12.2333
115,Neumünster,54.0714,9.99
116,Norderstedt,53.7064,10.0103
117,Bamberg,49.8917,10.8917
118,Delmenhorst,53.0506,8.6317
119,Viersen,51.2556,6.3917
120,Marburg,50.8167,8.7667
121,Wilhelmshaven,53.5167,8.1333
122,Rheine,52.2833,7.4333
123,Troisdorf,50.8161,7.1556
124,Bayreuth,49.9481,11.5783
125,Lüneburg,53.2525,10.4144
126,Dorsten,51.66,6.9642
127,Castrop-Rauxel,51.55,7.3167
128,Detmold,51.9378,8.8833
129,Arnsberg,51.3967,8.0644
130,Lüdenscheid,51.2198,7.6273
131,Landshut,48.5397,12.1508
132,Brandenburg,52.4117,12.5561
133,Bocholt,51.8333,6.6167
134,Aschaffenburg,49.9757,9.1478
135,Celle,52.6256,10.0825
136,Kempten,47.7333,10.3167
137,Fulda,50.5528,9.6775
138,Dinslaken,51.5667,6.7333
139,Aalen,48.8372,10.0936
140,Lippstadt,51.6667,8.35
141,Herford,52.1146,8.6734
142,Kerpen,50.8719,6.6961
143,Sindelfingen,48.7133,9.0028
144,Weimar,50.9833,11.3167
145,Plauen,50.495,12.1383
146,Neuwied,50.4286,7.4614
147,Dormagen,51.0964,6.84
148,Rosenheim,47.8561,12.1289
149,Neubrandenburg,53.5569,13.2608
150,Grevenbroich,51.0883,6.5875
151,Herten,51.6,7.1333
152,Bergheim,50.9667,6.65
153,Coburg,50.2666,10.9666
154,Friedrichshafen,47.6542,9.4792
155,Schwäbisch Gmünd,48.8,9.8
156,Garbsen,52.4183,9.5981
157,Hürth,50.8775,6.8761
158,Stralsund,54.3,13.0833
159,Wesel,51.6586,6.6178
160,Greifswald,54.0833,13.3833
161,Offenburg,48.4708,7.9408
162,Langenfeld,51.1167,6.95
163,Neu-Ulm,48.3833,10
164,Unna,51.5347,7.6889
165,Göppingen,48.7025,9.6528
166,Euskirchen,50.6597,6.7917
167,Frankfurt (Oder),52.35,14.55
168,Hameln,52.1031,9.36
169,Sankt Augustin,50.77,7.1867
170,Stolberg,50.7667,6.2333
171,Görlitz,51.1528,14.9872
172,Eschweiler,50.8167,6.2833
173,Meerbusch,51.2667,6.6667
174,Waiblingen,48.8303,9.3169
175,Schweinfurt,50.05,10.2333
176,Baden-Baden,48.7619,8.2408
177,Langenhagen,52.4394,9.74
178,Hattingen,51.3992,7.1858
179,Bad Homburg,50.2292,8.6105
180,Pulheim,51,6.8
181,Lingen,52.5233,7.3172
182,Bad Salzuflen,52.0875,8.7506
183,Nordhorn,52.4333,7.0667
184,Wetzlar,50.5667,8.5
185,Frechen,50.9167,6.8167
186,Neustadt,49.35,8.15
187,Passau,48.5667,13.4667
188,Ahlen,51.7633,7.8911
189,Wolfenbüttel,52.1622,10.5369
190,Ibbenbüren,52.2778,7.7167
191,Kleve,51.79,6.14
192,Bad Kreuznach,49.8469,7.8669
193,Speyer,49.3194,8.4311
194,Böblingen,48.6833,9
195,Willich,51.2631,6.5492
196,Gummersbach,51.0333,7.5667
197,Ravensburg,47.7831,9.6114
198,Goslar,51.906,10.4292
199,Rastatt,48.8572,8.2031
200,Lörrach,47.6156,7.6614
201,Peine,52.3203,10.2336
202,Emden,53.3669,7.2061
203,Erftstadt,50.8167,6.7667
204,Heidenheim,48.6761,10.1544
205,Bergkamen,51.6167,7.6333
206,Leonberg,48.8014,9.0131
207,Frankenthal,49.5333,8.35
208,Bad Oeynhausen,52.2,8.8
209,Freising,48.4028,11.7489
210,Rheda-Wiedenbrück,51.8417,8.3
211,Bornheim,50.7592,7.005
212,Dachau,48.2603,11.4342
213,Gronau,52.2125,7.0417
214,Cuxhaven,53.8667,8.7
215,Alsdorf,50.8744,6.1615
216,Straubing,48.8772,12.5758
217,Soest,51.5711,8.1092
218,Stade,53.6008,9.4764
219,Herzogenrath,50.8667,6.1
220,Fellbach,48.8086,9.2758
221,Oberursel,50.2028,8.5769
222,Landau,49.1994,8.1231
223,Schwerte,51.4458,7.5653
224,Neunkirchen,49.3448,7.1799
225,Filderstadt,48.6667,9.2167
226,Dülmen,51.8308,7.2783
227,Hof,50.3167,11.9167
228,Melle,52.2031,8.3361
229,Gotha,50.9489,10.7183
230,Bünde,52.2,8.6
231,Wittenberg,51.8671,12.6484
232,Weinheim,49.5561,8.6697
233,Erkrath,51.2239,6.9147
234,Rodgau,50.0256,8.8841
235,Albstadt,48.2119,9.0239
236,Brühl,50.8333,6.9
237,Bruchsal,49.1333,8.6
238,Kaufbeuren,47.88,10.6225
239,Falkensee,52.5583,13.0917
240,Oranienburg,52.7544,13.2369
241,Kaarst,51.2278,6.6273
242,Bietigheim-Bissingen,48.9667,9.1333
243,Memmingen,47.9878,10.1811
244,Neustadt am Rübenberge,52.5055,9.4636
245,Lehrte,52.3725,9.9769
246,Kamen,51.5917,7.6653
247,Erkelenz,51.08,6.3156
248,Wismar,53.8925,11.465
249,Siegburg,50.8014,7.2044
250,Nettetal,51.3167,6.2833
251,Gifhorn,52.4886,10.5464
252,Dreieich,50.0189,8.6961
253,Borken,51.8439,6.8583
254,Amberg,49.4444,11.8483
255,Eisenach,50.9747,10.3244
256,Laatzen,52.3077,9.8133
257,Heinsberg,51.0631,6.0964
258,Homburg,49.3167,7.3333
259,Ansbach,49.3,10.5833
260,Germering,48.1333,11.3667
261,Aurich,53.4714,7.4836
262,Nordhausen,51.505,10.7911
263,Nürtingen,48.6267,9.3353
264,Wunstorf,52.4238,9.4359
265,Schwabach,49.3292,11.0208
266,Königswinter,50.6833,7.1833
267,Freiberg,50.9119,13.3428
268,Kirchheim unter Teck,48.6483,9.4511
269,Leinfelden-Echterdingen,48.6928,9.1428
270,Bensheim,49.6811,8.6228
271,Lemgo,52.0277,8.9043
272,Eberswalde,52.8331,13.8331
273,Pirmasens,49.2,7.6
274,Ostfildern,48.7228,9.2631
275,Schwäbisch Hall,49.1122,9.7375
276,Weißenfels,51.2,11.9667
277,Freital,51.0167,13.65
278,Buxtehude,53.4769,9.7011
279,Hückelhoven,51.0608,6.2197
280,Halberstadt,51.8958,11.0467
281,Maintal,50.15,8.8333
282,Neumarkt,49.2833,11.4667
283,Hofheim,50.0876,8.4447
284,Löhne,52.2,8.7
285,Schorndorf,48.8,9.5333
286,Ettlingen,48.9333,8.4
287,Völklingen,49.25,6.8333
288,Würselen,50.8247,6.1275
289,Mettmann,51.25,6.9667
290,Stendal,52.6,11.85
291,Ahaus,52.0794,7.0134
292,Niederkassel,50.8167,7.0333
293,Ilmenau,50.6872,10.9142
294,Neu Isenburg,50.0558,8.6971
295,Langen,49.9893,8.6803
296,Pirna,50.9622,13.9403
297,Bitterfeld,51.6167,12.3167
298,Bautzen,51.1814,14.4239
299,Fürstenfeldbruck,48.1778,11.2556
300,Backnang,48.9464,9.4306
301,Kamp-Lintfort,51.5,6.5333
302,Greven,52.0917,7.6083
303,Papenburg,53.0667,7.4
304,Wesseling,50.8207,6.9786
305,Beckum,51.7558,8.0408
306,Königs Wusterhausen,52.2917,13.625
307,Warendorf,51.9539,7.9933
308,Suhl,50.6106,10.6931
309,Erding,48.3001,11.9082
310,Kehl,48.5711,7.8089
311,Emsdetten,52.1728,7.5344
312,Mühlhausen,51.2167,10.45
313,Coesfeld,51.9458,7.1675
314,Sankt Ingbert,49.3,7.1167
315,Tuttlingen,47.985,8.8233
316,Limburg,50.3833,8.0667
317,Porta Westfalica,52.2167,8.9333
318,Ingelheim,49.9747,8.0564
319,Sinsheim,49.25,8.8833
320,Mörfelden-Walldorf,49.9896,8.5661
321,Dietzenbach,50.0086,8.7756
322,Meppen,52.6906,7.291
323,Lage,51.9833,8.8
324,Cloppenburg,52.8478,8.0439
325,Saarlouis,49.3167,6.75
326,Radebeul,51.1033,13.67
327,Bad Vilbel,50.1781,8.7361
328,Wermelskirchen,51.1392,7.2051
329,Winsen,53.3667,10.2167
330,Datteln,51.6539,7.3417
331,Kempen,51.3658,6.4194
332,Seelze,52.3961,9.5981
333,Leer,53.2308,7.4528
334,Crailsheim,49.1347,10.0706
335,Merseburg,51.3544,11.9928
336,Zweibrücken,49.2494,7.3608
337,Balingen,48.2731,8.8506
338,Hemer,51.3833,7.7667
339,Barsinghausen,52.3031,9.4606
340,Wedel,53.5833,9.7
341,Ahrensburg,53.6747,10.2411
342,Steinfurt,52.1504,7.3366
343,Geldern,51.5197,6.3325
344,Viernheim,49.538,8.5792
345,Goch,51.6839,6.1619
346,Deggendorf,48.8353,12.9644
347,Uelzen,52.9647,10.5658
348,Korschenbroich,51.1833,6.5167
349,Rheinfelden (Baden),47.5611,7.7917
350,Biberach,48.0981,9.7886
351,Bad Nauheim,50.3667,8.75
352,Itzehoe,53.925,9.5164
353,Jülich,50.9222,6.3583
354,Lampertheim,49.5942,8.4671
355,Bernburg,51.8,11.7333
356,Wernigerode,51.835,10.7853
357,Forchheim,49.7197,11.0581
358,Naumburg,51.1521,11.8098
359,Vechta,52.7306,8.2886
360,Altenburg,50.985,12.4333
361,Hoyerswerda,51.4331,14.25
362,Georgsmarienhütte,52.2031,8.0447
363,Fürstenwalde,52.3667,14.0667
364,Achim,53.013,9.033
365,Oer-Erkenschwick,51.6422,7.2508
366,Delbrück,51.7667,8.5667
367,Herrenberg,48.5967,8.8708
368,Gevelsberg,51.3265,7.3559
369,Haan,51.1931,7.0131
370,Radolfzell am Bodensee,47.7369,8.9697
371,Weil am Rhein,47.5947,7.6108
372,Kreuztal,50.962,8.0064
373,Rheinberg,51.5467,6.6006
374,Geesthacht,53.4381,10.3747
375,Werl,51.5528,7.9139
376,Bramsche,52.4089,7.9728
377,Schönebeck,52.0167,11.75
378,Burgdorf,52.45,10.0083
379,Einbeck,51.8167,9.8667
380,Neuruppin,52.9222,12.8
381,Unterschleißheim,48.2833,11.5667
382,Lohmar,50.8415,7.2166
383,Ennepetal,51.3021,7.3425
384,Riesa,51.3081,13.2939
385,Andernach,50.4397,7.4017
386,Osterholz-Scharmbeck,53.2269,8.7947
387,Taunusstein,50.1435,8.1606
388,Gaggenau,48.8039,8.3194
389,Bad Hersfeld,50.8683,9.7067
390,Friedberg,48.35,10.9833
391,Schwedt (Oder),53.0631,14.2831
392,Saalfeld,50.6506,11.3542
393,Meschede,51.3503,8.2836
394,Derne,51.6667,7.6167
395,Neuburg,48.7333,11.1833
396,Merzig,49.4471,6.6312
397,Kelkheim (Taunus),50.138,8.4525
398,Waltrop,51.6167,7.3833
399,Tönisvorst,51.3208,6.4931
400,Schwelm,51.2904,7.2972
401,Vaihingen an der Enz,48.9328,8.9564
402,Bretten,49.0364,8.7061
403,Steinheim am Main,50.1257,8.83
404,Friedberg,50.3353,8.755
405,Rietberg,51.8,8.4333
406,Rendsburg,54.3044,9.6644
407,Güstrow,53.7939,12.1764
408,Landsberg,48.0528,10.8689
409,Oelde,51.8258,8.1436
410,Königsbrunn,48.2689,10.8908
411,Rösrath,50.9,7.1833
412,Winnenden,48.8764,9.3978
413,Northeim,51.7067,10.0011
414,Bühl,48.6953,8.135
415,Springe,52.2167,9.55
416,Schwandorf,49.3236,12.0993
417,Höxter,51.7667,9.3667
418,Meißen,51.1636,13.4775
419,Zeitz,51.0478,12.1383
420,Leichlingen,51.1167,7.0167
421,Griesheim,49.8594,8.5525
422,Emmendingen,48.1214,7.8492
423,Olching,48.2,11.3167
424,Idar-Oberstein,49.7019,7.3253
425,Reinbek,53.5089,10.2483
426,Wegberg,51.1333,6.2667
427,Geislingen an der Steige,48.6244,9.8306
428,Baunatal,51.2589,9.4183
429,Wetter (Ruhr),51.3881,7.395
430,Grimma,51.2386,12.7253
431,Kevelaer,51.5833,6.25
432,Leimen,49.3481,8.6911
433,Bad Neuenahr-Ahrweiler,50.5447,7.1133
434,Baesweiler,50.9,6.1833
435,Sundern,51.3167,8
436,Neustadt,48.8111,9.3656
437,Mechernich,50.6,6.65
438,Arnstadt,50.8342,10.9464
439,Wiesloch,49.2942,8.6983
440,Neckarsulm,49.1917,9.2244
441,Geilenkirchen,50.9653,6.1194
442,Rheinbach,50.6256,6.9491
443,Overath,50.95,7.3
444,Aschersleben,51.75,11.4667
445,Heiligenhaus,51.3265,6.971
446,Schloß Holte-Stukenbrock,51.8833,8.6167
447,Wangen im Allgäu,47.6858,9.8342
448,Hennigsdorf,52.6378,13.2036
449,Lohne,52.6667,8.2386
450,Teltow,52.4022,13.2706
451,Strausberg,52.5808,13.8814
452,Lauf,49.5103,11.2772
453,Hamminkeln,51.7319,6.5908
454,Obertshausen,50.0715,8.8482
455,Weiterstadt,49.9,8.6
456,Hohen Neuendorf,52.6667,13.2831
457,Mühlacker,48.95,8.8392
458,Heppenheim,49.6415,8.645
459,Nordenham,53.5,8.4667
460,Zirndorf,49.45,10.95
461,Butzbach,50.4367,8.6622
462,Selm,51.6833,7.4833
463,Sangerhausen,51.4667,11.3
464,Ehingen an der Donau,48.2833,9.7236
465,Bad Honnef am Rhein,50.645,7.2269
466,Ludwigsfelde,52.2997,13.2667
467,Bingen am Rhein,49.9669,7.895
468,Schleswig,54.5153,9.5697
469,Geretsried,47.8667,11.4667
470,Lindau,47.5458,9.6839
471,Pfaffenhofen,48.5333,11.5167
472,Kulmbach,50.1,11.4333
473,Helmstedt,52.2281,11.0106
474,Sankt Wendel,49.4667,7.1667
475,Friedrichsdorf,50.2569,8.6418
476,Achern,48.6314,8.0739
477,Lübbecke,52.3081,8.6231
478,Roth,49.2461,11.0911
479,Verl,51.8831,8.5167
480,Groß-Gerau,49.9214,8.4818
481,Zittau,50.8961,14.8072
482,Pfungstadt,49.8056,8.6044
483,Rinteln,52.1906,9.0814
484,Ditzingen,48.8264,9.0667
485,Lennestadt,51.1236,8.0681
486,Rottweil,48.1681,8.6247
487,Wiehl,50.95,7.5333
488,Plettenberg,51.2128,7.8715
489,Rudolstadt,50.7169,11.3275
490,Staßfurt,51.8667,11.5667
491,Brilon,51.3956,8.5678
492,Markkleeberg,51.2778,12.3833
493,Harsewinkel,51.9667,8.2331
494,Meckenheim,50.6333,7.0167
495,Horb am Neckar,48.445,8.6911
496,Norden,53.5967,7.2056
497,Salzkotten,51.6708,8.6047
498,Petershagen,52.3833,8.9667
499,Sprockhövel,51.3614,7.244
500,Bad Oldesloe,53.8117,10.3742
501,Idstein,50.2206,8.2692
502,Delitzsch,51.5264,12.3425
503,Eisenhüttenstadt,52.145,14.6728
504,Übach-Palenberg,50.9197,6.1194
505,Warstein,51.45,8.3667
506,Ronnenberg,52.3194,9.6556
507,Espelkamp,52.3772,8.6328
508,Olpe,51.0289,7.8514
509,Schmallenberg,51.1333,8.3
510,Lüdinghausen,51.7681,7.4444
511,Öhringen,49.2,9.5
512,Hannoversch Münden,51.4167,9.65
513,Meiningen,50.55,10.4167
514,Attendorn,51.1264,7.9033
515,Syke,52.9161,8.8186
516,Waldshut-Tiengen,47.6231,8.2144
517,Waldkraiburg,48.2167,12.4
518,Rathenow,52.6,12.3333
519,Limbach-Oberfrohna,50.8667,12.75
520,Senftenberg,51.5167,14.0167
521,Bad Soden am Taunus,50.1424,8.4997
522,Varel,53.3969,8.1361
523,Quedlinburg,51.7917,11.1472
524,Sonneberg,50.35,11.1667
525,Döbeln,51.1194,13.1128
526,Husum,54.4769,9.0511
527,Calw,48.7144,8.7375
528,Haren,52.7667,7.2167
529,Bad Mergentheim,49.5,9.7667
530,Starnberg,47.9972,11.3406
531,Bedburg,51,6.5625
532,Mosbach,49.35,9.1333
533,Korbach,51.2719,8.8731
534,Herdecke,51.4,7.4333
535,Salzwedel,52.85,11.15
536,Freudenstadt,48.4633,8.4111
537,Jüchen,51.1011,6.5017
538,Dillenburg,50.7333,8.2833
539,Sehnde,52.3161,9.9642
540,Herzogenaurach,49.5667,10.8833
541,Gelnhausen,50.2027,9.1905
542,Netphen,50.9147,8.1
543,Puchheim,48.15,11.35
544,Eschborn,50.1437,8.569
545,Senden,48.3167,10.0667
546,Warburg,51.4881,9.14
547,Walsrode,52.8592,9.5853
548,Gersthofen,48.4167,10.8667
549,Wertheim,49.75,9.5167
550,Überlingen,47.7667,9.1583
551,Neusäß,48.4,10.8333
552,Leutkirch im Allgäu,47.8256,10.0222
553,Eckernförde,54.4742,9.8378
554,Westerstede,53.25,7.9167
555,Lengerich,52.175,7.8667
556,Weilheim,47.8333,11.1333
557,Glauchau,50.8233,12.5444
558,Vreden,52.0331,6.8331
559,Bad Kissingen,50.2,10.0667
560,Kaltenkirchen,53.8397,9.9603
561,Donaueschingen,47.9531,8.5033
562,Metzingen,48.5367,9.2858
563,Laupheim,48.2289,9.8797
564,Nagold,48.5519,8.7256
565,Karben,50.2322,8.7681
566,Stadthagen,52.3247,9.2069
567,Burg,52.2725,11.855
568,Friesoythe,53.0206,7.8586
569,Radevormwald,51.2,7.35
570,Flörsheim,50.0117,8.4281
571,Apolda,51.0247,11.5139
572,Gardelegen,52.5264,11.3925
573,Schwetzingen,49.3833,8.5667
574,Hockenheim,49.3181,8.5472
575,Heide,54.1961,9.0933
576,Spremberg,51.5717,14.3794
577,Bad Harzburg,51.8828,10.5617
578,Waldkirch,48.0939,7.9608
579,Kitzingen,49.7333,10.1667
580,Eislingen,48.6933,9.7067
581,Büdingen,50.2908,9.1125
582,Eppingen,49.1333,8.9167
583,Sonthofen,47.5142,10.2817
584,Elsdorf,50.9333,6.5667
585,Xanten,51.6622,6.4539
586,Seligenstadt,50.0441,8.9753
587,Halle,52.0608,8.3597
588,Osterode,51.7286,10.2522
589,Quickborn,53.7333,9.8972
590,Germersheim,49.2167,8.3667
591,Stadtallendorf,50.8333,9.0167
592,Versmold,52.0436,8.15
593,Zerbst,51.9681,12.0844
594,Bad Rappenau,49.2389,9.1028
595,Wülfrath,51.2833,7.0333
596,Aichach,48.45,11.1333
597,Coswig,51.1333,13.5833
598,Sondershausen,51.3667,10.8667
599,Geseke,51.6497,8.5167
600,Schramberg,48.2269,8.3842
601,Traunreut,47.9667,12.5833
602,Waghäusel,49.25,8.5169
603,Soltau,52.9833,9.8333
604,Groß-Umstadt,49.8683,8.929
605,Reichenbach/Vogtland,50.6167,12.3
606,Schenefeld,53.6028,9.8233
607,Wipperfürth,51.1167,7.4
608,Rees,51.7667,6.4
609,Fröndenberg,51.4719,7.7658
610,Bad Schwartau,53.9194,10.6975
611,Bruchköbel,50.1833,8.9167
612,Werdau,50.7333,12.3833
613,Günzburg,48.4525,10.2711
614,Mühldorf,48.2456,12.5228
615,Luckenwalde,52.0831,13.1667
616,Enger,52.1333,8.5667
617,Dillingen,49.35,6.7333
618,Traunstein,47.8683,12.6433
619,Herborn,50.6825,8.3061
620,Schifferstadt,49.3861,8.3761
621,Gerlingen,48.8,9.0653
622,Mössingen,48.4064,9.0575
623,Blieskastel,49.2422,7.2544
624,Nidderau,50.25,8.9
625,Bad Salzungen,50.8117,10.2333
626,Duderstadt,51.5125,10.2597
627,Nördlingen,48.85,10.5
628,Korntal-Münchingen,48.8306,9.1214
629,Schortens,53.5333,7.95
630,Stadtlohn,51.9925,6.915
631,Meinerzhagen,51.1061,7.6403
632,Großburgwedel,52.4933,9.8586
633,Bad Waldsee,47.9211,9.7519
634,Annaberg-Buchholz,50.58,13.0022
635,Wittmund,53.5747,7.7808
636,Zülpich,50.7,6.65
637,Oberkirch,48.5322,8.0786
638,Donauwörth,48.7184,10.777
639,Greiz,50.6547,12.1997
640,Hörstel,52.2972,7.5861
641,Leinefelde,51.3833,10.3333
642,Lichtenfels,50.1333,11.0333
643,Dingolfing,48.6333,12.5
644,Neustrelitz,53.3647,13.0636
645,Torgau,51.5603,13.0056
646,Holzminden,51.8297,9.4483
647,Bad Krozingen,47.9181,7.7025
648,Wildeshausen,52.8931,8.4314
649,Telgte,51.9819,7.7856
650,Uetersen,53.6872,9.6692
651,Giengen an der Brenz,48.6217,10.245
652,Glinde,53.5406,10.2111
653,Neviges,51.3128,7.0869
654,Ennigerloh,51.8367,8.0256
655,Heusenstamm,50.0596,8.8068
656,Blankenburg,51.7953,10.9622
657,Schopfheim,47.6494,7.8247
658,Schmalkalden,50.7167,10.45
659,Eschwege,51.1881,10.0528
660,Waldbröl,50.8789,7.615
661,Ochtrup,52.2056,7.1903
662,Sulzbach-Rosenberg,49.5,11.75
663,Sarstedt,52.2394,9.8606
664,Mölln,53.6269,10.6847
665,Marsberg,51.45,8.85
666,Oschersleben,52.0167,11.25
667,Weil der Stadt,48.7508,8.8706
668,Burghausen,48.1667,12.8333
669,Hechingen,48.3517,8.9633
670,Hemmingen,52.3236,9.7256
671,Rhede,51.8333,6.7006
672,Haiger,50.7422,8.2039
673,Borna,51.1167,12.5
674,Bad Aibling,47.865,12.0097
675,Seesen,51.8931,10.1783
676,Bückeburg,52.2608,9.0492
677,Bad Berleburg,51.0497,8.4
678,Zossen,52.2167,13.4497
679,Mayen,50.3333,7.2167
680,Tettnang,47.6708,9.5875
681,Müllheim,47.8083,7.6308
682,Kolbermoor,47.85,12.0667
683,Vellmar,51.3588,9.4677
684,Bad Tölz,47.7603,11.5567
685,Bad Pyrmont,51.9867,9.2636
686,Wittlich,49.9869,6.8897
687,Haldensleben,52.2833,11.4167
688,Bergneustadt,51.0333,7.65
689,Lebach,49.41,6.91
690,Kronberg,50.1797,8.5085
691,Püttlingen,49.2833,6.8833
692,Pfullingen,48.4656,9.2261
693,Sömmerda,51.1617,11.1169
694,Dillingen,48.5667,10.4667
695,Bad Driburg,51.7333,9.0167
696,Prenzlau,53.3167,13.8667
697,Oberasbach,49.4219,10.9583
698,Kleinsachsenheim,48.96,9.0647
699,Radeberg,51.1167,13.9167
700,Alzey,49.7517,8.1161
701,Moosburg,48.4667,11.9333
702,Alfeld,51.9886,9.8269
703,Crimmitschau,50.8181,12.3875
704,Burscheid,51.1,7.1167
705,Renningen,48.7661,8.9347
706,Alzenau in Unterfranken,50.0881,9.0497
707,Konz,49.7028,6.5794
708,Schneverdingen,53.1167,9.8
709,Marktoberdorf,47.7667,10.6167
710,Wassenberg,51.1,6.15
711,Bad Reichenhall,47.7247,12.8769
712,Auerbach,50.5094,12.4
713,Vlotho,52.1667,8.8497
714,Bad Dürkheim,49.4618,8.1724
715,Hochheim am Main,50.0108,8.3508
716,Weißenburg,49.0306,10.9719
717,Bremervörde,53.4833,9.1333
718,Hochelheim,50.5167,8.7
719,Lahnstein,50.3011,7.6056
720,Großenhain,51.2833,13.55
721,Garching bei München,48.25,11.65
722,Schwalmstadt,50.9128,9.1889
723,Forst,51.7333,14.6333
724,Schkeuditz,51.4,12.2167
725,Hessisch Oldendorf,52.1667,9.25
726,Werdohl,51.2563,7.7562
727,Wörth am Rhein,49.0517,8.2603
728,Bad Segeberg,53.9356,10.3089
729,Parchim,53.4167,11.8333
730,Bexbach,49.3494,7.2594
731,Heidenau,50.9833,13.8667
732,Freilassing,47.8333,12.9667
733,Freudenberg,50.8997,7.8667
734,Sinzig,50.5453,7.2519
735,Kelsterbach,50.0688,8.5301
736,Nauen,52.6,12.8831
737,Ginsheim-Gustavsburg,49.9646,8.3464
738,Illertissen,48.2167,10.0833
739,Frankenberg,51.0589,8.7967
740,Buchen in Odenwald,49.5217,9.3233
741,Schwarzenbek,53.5042,10.4792
742,Bad Säckingen,47.5533,7.9472
743,Oerlinghausen,51.9667,8.6667
744,Saulgau,48.0175,9.5003
745,Bendorf,50.4297,7.5703
746,Bad Münder am Deister,52.1992,9.4653
747,Wendlingen am Neckar,48.6747,9.3817
748,Bad Langensalza,51.1081,10.6467
749,Raunheim,50.0097,8.45
750,Thale,51.7511,11.0428
751,Marktredwitz,50,12.0667
752,Remagen,50.5786,7.2306
753,Bobingen,48.2667,10.8167
754,Trossingen,48.0756,8.6361
755,Sulzbach,49.3,7.0667
756,Sigmaringen,48.0867,9.2164
757,Nidda,50.4128,9.0092
758,Gescher,51.9569,7.0056
759,Bad Münstereifel,50.5531,6.7661
760,Eutin,54.1378,10.6181
761,Heilbad Heiligenstadt,51.3775,10.1344
762,Horn-Bad Meinberg,51.8833,8.9667
763,Stockach,47.8514,9.0114
764,Wittenberge,52.9936,11.7514
765,Schrobenhausen,48.5669,11.2583
766,Guben,51.9533,14.7167
767,Königstein im Taunus,50.1831,8.4635
768,Altena,51.3,7.6667
769,Kamenz,51.2667,14.1
770,Damme,52.5222,8.1956
771,Bad Wildungen,51.1167,9.1167
772,Penzberg,47.75,11.3667
773,Marienberg,50.6508,13.1647
774,Freiberg am Neckar,48.9347,9.1917
775,Bargteheide,53.7167,10.2667
776,Kronach,50.2411,11.3281
777,Cham,49.2183,12.6658
778,Babenhausen,49.9624,8.9533
779,Schwarzenberg,50.5453,12.7792
780,Preetz,54.2367,10.2822
781,Diepholz,52.6072,8.3711
782,Reinheim,49.8261,8.8348
783,Kelheim,48.9167,11.8667
784,Marbach am Neckar,48.9406,9.2575
785,Bürstadt,49.6414,8.4546
786,Gunzenhausen,49.1147,10.7542
787,Aue,50.5853,12.7008
788,Illingen,49.3764,7.0525
789,Zeulenroda,50.6333,11.9667
790,Hünfeld,50.6667,9.7667
791,Kirchhain,50.8167,8.9167
792,Brackenheim,49.0833,9.0667
793,Finsterwalde,51.6331,13.7167
794,Bad Lippspringe,51.7833,8.8167
795,Wurzen,51.3667,12.7167
796,Weißwasser,51.5,14.6331
797,Brakel,51.7167,9.1833
798,Kierspe,51.1333,7.5667
799,Dieburg,49.8985,8.8385
800,Michelstadt,49.6786,9.0042
801,Straelen,51.45,6.2667
802,Halver,51.1834,7.5027
803,Walldorf,49.3,8.65
804,Erwitte,51.6167,8.3497
805,Clausthal-Zellerfeld,51.805,10.3356
806,Bad Wörishofen,48.0058,10.5969
807,Pocking,48.3997,13.3167
808,Taucha,51.38,12.4936
809,Lübbenau,51.8667,13.9667
810,Ebersbach an der Fils,48.7147,9.5236
811,Alsfeld,50.7511,9.2711
812,Schlüchtern,50.35,9.5167
813,Bassum,52.8494,8.7267
814,Weener,53.1692,7.3564
815,Füssen,47.5667,10.7
816,Eilenburg,51.4608,12.6358
817,Breisach am Rhein,48.0289,7.58
818,Markranstädt,51.3017,12.2211
819,Wadern,49.5394,6.89
820,Neustadt in Holstein,54.1072,10.8158
821,Templin,53.1167,13.5
822,Bad Neustadt,50.3219,10.2161
823,Königslutter am Elm,52.25,10.8167
824,Plochingen,48.7117,9.4164
825,Erlensee,50.1635,8.9808
826,Drensteinfurt,51.7944,7.7392
827,Bad Bentheim,52.3031,7.1597
828,Künzelsau,49.2833,9.6833
829,Arolsen,51.3778,9.0167
830,Schriesheim,49.4736,8.6592
831,Rahden,52.4167,8.6167
832,Boppard,50.2314,7.5908
833,Neustadt bei Coburg,50.3289,11.1211
834,Ober-Ramstadt,49.8333,8.75
835,Mainburg,48.65,11.7833
836,Hofgeismar,51.496,9.3872
837,Langenau,48.4994,10.1211
838,Hohenstein-Ernstthal,50.8,12.7167
839,Hückeswagen,51.145,7.3417
840,Brake,53.3333,8.4833
841,Markgröningen,48.9047,9.0808
842,Blomberg,51.9331,9.0831
843,Selb,50.1667,12.1333
844,Ribnitz-Damgarten,54.25,12.4667
845,Witzenhausen,51.3417,9.8569
846,Mindelheim,48.0333,10.4667
847,Bitburg,49.9747,6.5256
848,Neutraubling,48.9878,12.1964
849,Gehrden,52.3135,9.6008
850,Landsberg,51.5246,12.1596
851,Ratzeburg,53.7017,10.7567
852,Hilchenbach,50.9983,8.1094
853,Uhingen,48.7058,9.5919
854,Neu-Anspach,50.3003,8.5072
855,Bad Bramstedt,53.9186,9.8844
856,Mittweida,50.9856,12.9811
857,Meerane,50.8519,12.4636
858,Fritzlar,51.1333,9.2667
859,Rotenburg an der Fulda,50.995,9.7272
860,Pattensen,52.2645,9.7644
861,Spenge,52.1331,8.4831
862,Löbau,51.0944,14.6667
863,Dorfen,48.2667,12.15
864,Lauchhammer,51.5,13.8
865,Usingen,50.334,8.5372
866,Bad Wurzach,47.9094,9.8994
867,Stein bei Nürnberg,49.4167,11.0167
868,Lauda-Königshofen,49.5686,9.7039
869,Ottweiler,49.4014,7.1634
870,Jever,53.5744,7.9008
871,Eberbach,49.4667,8.9833
872,Olsberg,51.35,8.4833
873,Oschatz,51.3003,13.1072
874,Sandersdorf,51.6167,12.2333
875,Neustadt an der Donau,48.8,11.7667
876,Bad Camberg,50.3,8.2667
877,Langenselbold,50.1833,9.0333
878,Schneeberg,50.5942,12.6456
879,Wilsdruff,51.0522,13.5383
880,Gernsbach,48.7633,8.3342
881,Münsingen,48.4128,9.4953
882,Immenstadt im Allgäu,47.5667,10.2167
883,Tornesch,53.7,9.7167
884,Sassenberg,51.9897,8.0408
885,Dippoldiswalde,50.8933,13.6667
886,Hettstedt,51.6333,11.5
887,Markdorf,47.7208,9.3917
888,Uslar,51.6597,9.6358
889,Schwabmünchen,48.1789,10.755
890,Frankenberg,50.9108,13.0378
891,Quakenbrück,52.6772,7.9575
892,Wittstock,53.1636,12.4856
893,Murrhardt,48.9794,9.5783
894,Eppstein,50.1401,8.392
895,Isny im Allgäu,47.6919,10.0394
896,Abensberg,48.8109,11.8595
897,Grünstadt,49.5692,8.1681
898,Lübben,51.95,13.9
899,Vöhringen,48.2833,10.0833
900,Leuna,51.3167,12.0167
901,Grafing bei München,48.05,11.9667
902,Bebra,50.9711,9.7903
903,Montabaur,50.4375,7.8258
904,Holzgerlingen,48.6392,9.0108
905,Schmölln,50.895,12.3564
906,Kalkar,51.7389,6.2925
907,Eggenfelden,48.4039,12.7642
908,Genthin,52.4,12.1667
909,Zeven,53.2969,9.2789
910,Wanzleben,52.0667,11.4333
911,Aßlar,50.5833,8.4667
912,Philippsburg,49.2369,8.4547
913,Erbach,49.6569,8.9931
914,Melsungen,51.1333,9.55
915,Haßfurt,50.0353,10.5123
916,Lich,50.5217,8.8208
917,Eichstätt,48.8919,11.1839
918,Neckargemünd,49.3939,8.7975
919,Lauterbach,50.6378,9.3944
920,Spaichingen,48.0758,8.7378
921,Angermünde,53.0333,14
922,Hilpoltstein,49.1833,11.1833
923,Biedenkopf,50.9128,8.5322
924,Grünberg,50.6,8.95
925,Bergen,54.4167,13.4333
926,Burglengenfeld,49.2061,12.0409
927,Weißenhorn,48.3044,10.1593
928,Erbach,48.3281,9.8878
929,Bad Laasphe,50.9303,8.4167
930,Lorsch,49.6539,8.5675
931,Bergen,52.8103,9.9611
932,Höchstadt an der Aisch,49.7056,10.8058
933,Bad Soden-Salmünster,50.2833,9.3667
934,Krumbach,48.2431,10.3633
935,Ettenheim,48.2556,7.8119
936,Pfullendorf,47.9242,9.2567
937,Landau an der Isar,48.6749,12.6913
938,Löningen,52.7167,7.7667
939,Schüttorf,52.3167,7.2167
940,Zehdenick,52.9831,13.3331
941,Buchloe,48.0375,10.725
942,Bad Dürrheim,48.0167,8.5333
943,Wehr,47.6331,7.9042
944,Wernau,48.6886,9.4222
945,Tauberbischofsheim,49.6225,9.6628
946,Plattling,48.7767,12.8736
947,Besigheim,48.9989,9.1414
948,Pegnitz,49.7564,11.545
949,Rödental,50.2883,11.0276
950,Wasserburg am Inn,48.0608,12.2333
951,Bad Salzdetfurth,52.0578,10.0058
952,Neustadt,49.58,10.6089
953,Dinklage,52.6622,8.125
954,Zella-Mehlis,50.6597,10.6669
955,Velen,51.8939,6.9897
956,Wiesmoor,53.4,7.7333
957,Sendenhorst,51.8439,7.8278
958,Herbrechtingen,48.6253,10.1739
959,Östringen,49.2194,8.7108
960,Beverungen,51.6628,9.3725
961,Weilburg,50.4833,8.25
962,Wolfhagen,51.3272,9.1709
963,Sankt Georgen im Schwarzwald,48.1247,8.3308
964,Schleiden,50.5331,6.4667
965,Waltershausen,50.8975,10.5558
966,Olfen,51.7086,7.38
967,Herzberg am Harz,51.6556,10.3394
968,Treuchtlingen,48.9553,10.9094
969,Hersbruck,49.5081,11.4328
970,Röthenbach an der Pegnitz,49.4847,11.2475
971,Haselünne,52.6667,7.4667
972,Schongau,47.8167,10.9
973,Sulingen,52.6667,8.8
974,Pfarrkirchen,48.4419,12.9443
975,Möckern,52.1406,11.9525
976,Hemsbach,49.5903,8.6564
977,Weinsberg,49.1519,9.2858
978,Steinheim,51.8658,9.0944
979,Wächtersbach,50.2667,9.3
980,Linnich,50.9789,6.2678
981,Hadamar,50.45,8.05
982,Steinheim am der Murr,48.9667,9.2833
983,Brunsbüttel,53.8964,9.1386
984,Neuenburg am Rhein,47.8147,7.5619
985,Bad Urach,48.4932,9.3989
986,Winterberg,51.195,8.53
987,Hungen,50.4731,8.8996
988,Blaubeuren,48.4119,9.785
989,Fehmarnsund,54.4454,11.1702
990,Lauenburg,53.3758,10.5589
991,Anklam,53.85,13.6833
992,Rosbach vor der Höhe,50.2986,8.7006
993,Twistringen,52.8,8.65
994,Frohburg,51.0561,12.555
995,Feuchtwangen,49.1667,10.3167
996,Bad Windsheim,49.5,10.4167
997,Ebersberg,48.0833,11.9667
998,Erkner,52.4167,13.75
999,Lindenberg im Allgäu,47.6031,9.8861
1000,Beelitz,52.2333,12.9667
1001,Velten,52.6833,13.1833
1002,Sulz am Neckar,48.3628,8.6317
1003,Hessisch Lichtenau,51.2,9.7167
1004,Preußisch Oldendorf,52.2833,8.5
1005,Bad Freienwalde,52.7856,14.0325
1006,Gladenbach,50.7681,8.5828
1007,Pößneck,50.7,11.6
1008,Titisee-Neustadt,47.9122,8.2147
1009,Ludwigslust,53.3332,11.5023
1010,Jüterbog,51.9933,13.0728
1011,Hagenow,53.4317,11.1931
1012,Gaildorf,49,9.7667
1013,Wünnenberg,51.5167,8.7
1014,Vilsbiburg,48.4475,12.3475
1015,Burladingen,48.2903,9.1094
1016,Perleberg,53.0667,11.8667
1017,Wolgast,54.05,13.7667
1018,Neuenrade,51.2839,7.78
1019,Neustadt,51.0239,14.2167
1020,Roding,49.1936,12.5192
1021,Zwönitz,50.6303,12.8133
1022,Lauffen am Neckar,49.0764,9.1567
1023,Ladenburg,49.4719,8.6092
1024,Harrislee,54.7972,9.3764
1025,Leingarten,49.15,9.1167
1026,Oestrich-Winkel,50.0085,8.0199
1027,Bad Fallingbostel,52.8675,9.6967
1028,Lichtenstein,50.7564,12.6317
1029,Hildburghausen,50.4261,10.7289
1030,Pritzwalk,53.1497,12.1831
1031,Geisenheim,49.9831,7.9656
1032,Dinkelsbühl,49.0708,10.3194
1033,Diez,50.3708,8.0158
1034,Bad Dürrenberg,51.2955,12.0658
1035,Drolshagen,51.0333,7.7667
1036,Miesbach,47.789,11.8338
1037,Maxhütte-Haidhof,49.2,12.1
1038,Osterhofen,48.7,13.0167
1039,Laichingen,48.4897,9.6861
1040,Büdelsdorf,54.3167,9.6833
1041,Bopfingen,48.8569,10.3522
1042,Coswig,51.8833,12.4333
1043,Mülheim-Kärlich,50.3869,7.4953
1044,Monschau,50.55,6.25
1045,Hauzenberg,48.6517,13.6236
1046,Wolmirstedt,52.25,11.6167
1047,Gräfenhainichen,51.7292,12.4556
1048,Billerbeck,51.9792,7.295
1049,Schwaigern,49.1333,9.05
1050,Bad Nenndorf,52.3369,9.3786
1051,Walldürn,49.5831,9.3681
1052,Schöningen,52.138,10.9674
1053,Langelsheim,51.9381,10.335
1054,Stollberg,50.7083,12.7783
1055,Werther,52.0764,8.4136
1056,Rutesheim,48.8097,8.945
1057,Glückstadt,53.7917,9.4219
1058,Wittingen,52.7281,10.7391
1059,Rheinau,48.6678,7.9347
1060,Balve,51.3333,7.8667
1061,Rothenburg ob der Tauber,49.3772,10.1789
1062,Marktheidenfeld,49.85,9.6
1063,Ochsenfurt,49.6711,10.0498
1064,Geisenfeld,48.684,11.6117
1065,Welzheim,48.8747,9.6344
1066,Bad Schwalbach,50.1401,8.0694
1067,Trostberg an der Alz,48.0167,12.55
1068,Wildau,52.3167,13.6333
1069,Herbolzheim,48.2219,7.7775
1070,Eisenberg,50.9667,11.9
1071,Friedrichsthal,49.3256,7.0961
1072,Lauingen,48.5667,10.4333
1073,Braunfels,50.5175,8.3889
1074,Lorch,48.7983,9.6883
1075,Gengenbach,48.4042,8.0153
1076,Belzig,52.1422,12.5956
1077,Regen,48.97,13.1264
1078,Osterwieck,51.9667,10.7167
1079,Betzdorf,50.7856,7.8728
1080,Flöha,50.8558,13.0714
1081,Hammelburg,50.1167,9.9
1082,Bischofswerda,51.1275,14.1797
1083,Burgstädt,50.9167,12.8167
1084,Olbernhau,50.6667,13.3333
1085,Nieder-Olm,49.9083,8.2028
1086,Schleusingen,50.5117,10.7506
1087,Rüthen,51.4933,8.4333
1088,Altensteig,48.5864,8.6047
1089,Süßen,48.6797,9.7575
1090,Barmstedt,53.7833,9.7667
1091,Bad Iburg,52.1592,8.0472
1092,Donzdorf,48.6833,9.8167
1093,Boizenburg,53.3743,10.7231
1094,Engen,47.8528,8.7714
1095,Isselburg,51.8331,6.4667
1096,Langenzenn,49.4944,10.7947
1097,Lollar,50.6497,8.7044
1098,Erlenbach am Main,49.8039,9.1639
1099,Braunsbedra,51.2833,11.9
1100,Haigerloch,48.3647,8.805
1101,Meßstetten,48.1806,8.9625
1102,Bleicherode,51.4167,10.5667
1103,Demmin,53.905,13.0439
1104,Felsberg,51.1346,9.4215
1105,Tangerhütte,52.4333,11.8
1106,Riedlingen,48.1553,9.4728
1107,Lichtenau,51.6,8.8833
1108,Nossen,51.05,13.3
1109,Gernsheim,49.7517,8.485
1110,Waldkirchen,48.7306,13.6011
1111,Weilheim an der Teck,48.615,9.5386
1112,Querfurt,51.3833,11.6
1113,Altötting,48.2264,12.6759
1114,Gommern,52.0739,11.8231
1115,Wilkau-Haßlau,50.6667,12.5167
1116,Grevesmühlen,53.8667,11.1667
1117,Bad Lauterberg,51.6317,10.4706
1118,Staffelstein,50.099,10.9962
1119,Oelsnitz,50.4167,12.1667
1120,Bogen,48.9167,12.6833
1121,Tangermünde,52.5408,11.9689
1122,Werlte,52.85,7.6833
1123,Pasewalk,53.5063,13.99
1124,Bad Frankenhausen,51.3558,11.1011
1125,Steinau an der Straße,50.3167,9.4667
1126,Neuenstadt am Kocher,49.2333,9.3333
1127,Münchberg,50.1831,11.7857
1128,Kenzingen,48.1917,7.7683
1129,Aulendorf,47.9542,9.6389
1130,Neuenhaus,52.5,6.9667
1131,Aich,48.6228,9.2372
1132,Bad Ems,50.3381,7.7106
1133,Burgau,48.4322,10.4069
1134,Meuselwitz,51.05,12.3
1135,Wildberg,48.6239,8.7472
1136,Blumberg,47.8392,8.5342
1137,Bad Orb,50.2167,9.35
1138,Bad Wildbad,48.7503,8.5506
1139,Rehburg-Loccum,52.4508,9.2078
1140,Simbach am Inn,48.2656,13.0231
1141,Wahlstedt,53.95,10.2167
1142,Niebüll,54.7881,8.8297
1143,Heubach,48.7833,9.9333
1144,Schotten,50.5,9.1167
1145,Rüdesheim am Rhein,49.979,7.9234
1146,Klötze,52.6272,11.1642
1147,Kurort Steinbach-Hallenberg,50.7006,10.5667
1148,Nideggen,50.7,6.4833
1149,Mengen,48.0497,9.33
1150,Oldenburg in Holstein,54.2922,10.8867
1151,Ohrdruf,50.8281,10.7328
1152,Töging am Inn,48.272,12.6059
1153,Bad König,49.7413,9.0071
1154,Bad Breisig,50.5092,7.2964
1155,Bad Gandersheim,51.8719,10.0253
1156,Osthofen,49.7078,8.3289
1157,Großröhrsdorf,51.1419,14.0139
1158,Brandis,51.3347,12.6089
1159,Bockenem,52.0117,10.1319
1160,Beilngries,49.0333,11.4667
1161,Gudensberg,51.1762,9.3575
1162,Bad Liebenzell,48.7742,8.7314
1163,Höhr-Grenzhausen,50.435,7.6711
1164,Schlitz,50.6759,9.5593
1165,Heilsbronn,49.3386,10.7908
1166,Osterburg,52.7833,11.7667
1167,Kemberg,51.7736,12.6359
1168,Grimmen,54.11,13.0414
1169,Eisenberg,49.5614,8.0725
1170,Neustadt,50.85,9.1167
1171,Oberstdorf,47.4097,10.2792
1172,Heiligenhafen,54.3739,10.9797
1173,Hohenmölsen,51.1564,12.0981
1174,Visselhövede,52.9833,9.6
1175,Dassel,51.8033,9.6903
1176,Laubach,50.5426,8.9891
1177,Ilsenburg,51.8667,10.6833
1178,Brand-Erbisdorf,50.8689,13.3219
1179,Zwiesel,49.0167,13.2333
1180,Luckau,51.85,13.7167
1181,Zschopau,50.75,13.0667
1182,Trebbin,52.2167,13.1997
1183,Reinfeld,53.8333,10.4833
1184,Altlandsberg,52.5667,13.7331
1185,Niesky,51.2897,14.83
1186,Fürstenau,52.5167,7.6667
1187,Lügde,51.95,9.25
1188,Rehau,50.2486,12.0354
1189,Sebnitz,50.9667,14.2833
1190,Obernkirchen,52.2664,9.1178
1191,Lüchow,52.9667,11.15
1192,Neu Bleckede,53.3,10.7333
1193,Saßnitz,54.5164,13.6411
1194,Runkel,50.4053,8.155
1195,Miltenberg,49.7039,9.2644
1196,Rauenberg,49.2678,8.7036
1197,Zwenkau,51.2175,12.3242
1198,Wertingen,48.5333,10.6667
1199,Wunsiedel,50.0374,11.9994
1200,Ichenhausen,48.3712,10.3071
1201,Laufenburg (Baden),47.5656,8.0647
1202,Kandel,49.0828,8.1964
1203,Kyritz,52.9422,12.3972
1204,Vallendar,50.4003,7.6172
1205,Bad Bevensen,53.0792,10.5833
1206,Hemau,49.0519,11.7828
1207,Zörbig,51.6167,12.1167
1208,Torgelow,53.6167,14
1209,Westerland,54.91,8.3075
1210,Tecklenburg,52.2194,7.8125
1211,Mendig,50.3744,7.2808
1212,Bad Liebenwerda,51.5167,13.4
1213,Mittenwalde,52.2667,13.5333
1214,Furth im Wald,49.3097,12.84
1215,Furtwangen im Schwarzwald,48.0503,8.2092
1216,Neuhaus am Rennweg,50.51,11.1378
1217,Griesbach,48.45,13.2
1218,Elsfleth,53.2333,8.4667
1219,Waldheim,51.0667,13.0167
1220,Neuötting,48.2167,12.6833
1221,Ortenberg,50.3558,9.0553
1222,Hallstadt,49.9333,10.8833
1223,Plön,54.1622,10.4214
1224,Borgholzhausen,52.1,8.3
1225,Elze,52.1167,9.7333
1226,Freystadt,49.1989,11.3292
1227,Doberlug-Kirchhain,51.6167,13.5667
1228,Nittenau,49.1964,12.2686
1229,Waldenbuch,48.6372,9.1317
1230,Breckerfeld,51.2611,7.4667
1231,Herzberg,51.6831,13.2331
1232,Werneuchen,52.6331,13.7331
1233,Obernburg am Main,49.84,9.1414
1234,Ballenstedt,51.72,11.2375
1235,Volkach,49.8641,10.2269
1236,Ochsenhausen,48.0722,9.9481
1237,Florstadt,50.3158,8.8631
1238,Bernsbach,50.5667,12.75
1239,Schleiz,50.5833,11.8167
1240,Naunhof,51.2778,12.5883
1241,Rain,48.6833,10.9167
1242,Hermsdorf,50.8981,11.8567
1243,Auerbach,49.692,11.6333
1244,Penig,50.9336,12.7058
1245,Stadtilm,50.7758,11.0825
1246,Bad Schussenried,48.0067,9.6586
1247,Landstuhl,49.4122,7.5722
1248,Bad Lauchstädt,51.3865,11.8696
1249,Bad Bergzabern,49.1031,7.9989
1250,Nierstein,49.8694,8.3375
1251,Barth,54.3667,12.7167
1252,Hemmoor,53.7025,9.1394
1253,Altenerding,48.2932,11.9054
1254,Großbottwar,49.0014,9.2931
1255,Mansfeld,51.5942,11.4547
1256,Kappeln,54.6614,9.9311
1257,Bad Sooden-Allendorf,51.2667,9.9667
1258,Tirschenreuth,49.8789,12.3369
1259,Kuppenheim,48.8275,8.2544
1260,Mücheln,51.3,11.8
1261,Berching,49.1064,11.4394
1262,Calbe,51.9033,11.7758
1263,Hainichen,50.9697,13.1253
1264,Barntrup,51.9831,9.1167
1265,Staufenberg,50.6667,8.7167
1266,Neuenkirchen,52.5167,8.0667
1267,Kirchen,50.8086,7.8833
1268,Weida,50.7667,12.0667
1269,Bersenbrück,52.5553,7.9472
1270,Ueckermünde,53.7333,14.0333
1271,Kirn,49.7881,7.4572
1272,Perl,49.4667,6.3667
1273,Großräschen,51.5831,14
1274,Klingenthal,50.3669,12.4686
1275,Teterow,53.7667,12.5667
1276,Premnitz,52.5331,12.3331
1277,Oppenheim,49.8556,8.3603
1278,Lützen,51.2583,12.1417
1279,Schieder-Schwalenberg,51.8831,9.1831
1280,Simmern,49.9833,7.5167
1281,Lauta,51.4481,14.0997
1282,Wissen,50.7825,7.735
1283,Borgentreich,51.5692,9.2411
1284,Kellinghusen,53.95,9.7167
1285,Colditz,51.1167,12.8167
1286,Staufen im Breisgau,47.8814,7.7314
1287,Helmbrechts,50.2368,11.7159
1288,Lößnitz,50.6214,12.7317
1289,Meßkirch,47.9928,9.1125
1290,Wörrstadt,49.8431,8.1156
1291,Viechtach,49.0792,12.8847
1292,Neuenbürg,48.8461,8.5889
1293,Vohburg an der Donau,48.7667,11.6167
1294,Baiersdorf,49.6564,11.0328
1295,Kirchberg,50.6222,12.5256
1296,Barby,51.9667,11.8667
1297,Zwingenberg,49.7225,8.6139
1298,Oranienbaum,51.8036,12.4064
1299,Neunburg vorm Wald,49.3467,12.3908
1300,Bönnigheim,49.0408,9.095
1301,Dornstetten,48.47,8.4994
1302,Grafenau,48.8561,13.3969
1303,Ostseebad Kühlungsborn,54.1333,11.75
1304,Kandern,47.7144,7.6608
1305,Lugau,50.7383,12.7464
1306,Leisnig,51.1667,12.9167
1307,Rottenburg an der Laaber,48.7019,12.0272
1308,Knittlingen,49.0239,8.7569
1309,Ransbach-Baumbach,50.4661,7.7253
1310,Zell am Harmersbach,48.3467,8.0639
1311,Könnern,51.6697,11.7708
1312,Falkenstein,50.4667,12.3667
1313,Dannenberg,53.0833,11.0833
1314,Bismark,52.6667,11.55
1315,Bad Schmiedeberg,51.6881,12.7375
1316,Möckmühl,49.3167,9.35
1317,Oberkochen,48.7839,10.1053
1318,Neustadt,50.7333,11.75
1319,Willebadessen,51.6331,9.0331
1320,Arnstein,49.9667,9.9833
1321,Bad Herrenalb,48.8006,8.4408
1322,Vetschau,51.7831,14.0667
1323,Teuchern,51.1167,12.0167
1324,Beeskow,52.1667,14.25
1325,Daun,50.1986,6.8319
1326,Bad Lausick,51.1447,12.6453
1327,Medebach,51.1972,8.7069
1328,Oederan,50.8617,13.1672
1329,Clausthal,51.8036,10.3331
1330,Kirchheimbolanden,49.6664,8.0117
1331,Herrieden,49.233,10.5064
1332,Schweich,49.82,6.7522
1333,Treuen,50.5425,12.3022
1334,Ramstein-Miesenbach,49.4461,7.5547
1335,Elsterwerda,51.4578,13.5239
1336,Rheinsberg,53.0983,12.8958
1337,Bad Düben,51.5919,12.5853
1338,Altomünster,48.3833,11.25
1339,Neresheim,48.7542,10.3344
1340,Berchtesgaden,47.6314,13.0042
1341,Bützow,53.85,11.9833
1342,Altenberg,50.7644,13.7578
1343,Bad Liebenstein,50.8144,10.3542
1344,Hüfingen,47.9261,8.49
1345,Sontra,51.0667,9.9333
1346,Naila,50.3299,11.7083
1347,Calau,51.7458,13.9508
1348,Allstedt,51.4,11.3833
1349,Gerolstein,50.2239,6.6614
1350,Harzgerode,51.6417,11.1428
1351,Eisfeld,50.4167,10.9167
1352,Saarburg,49.6092,6.5503
1353,Löffingen,47.8839,8.3436
1354,Pulsnitz,51.1817,14.0131
1355,Bad Wimpfen,49.2306,9.1631
1356,Roßwein,51.0667,13.1833
1357,Lengefeld,50.7167,13.1833
1358,Kremmen,52.7667,13.0331
1359,Markneukirchen,50.3167,12.3167
1360,Münnerstadt,50.2526,10.1966
1361,Kahla,50.8008,11.5875
1362,Hardegsen,51.6528,9.8322
1363,Groitzsch,51.1556,12.2806
1364,Kötzting,49.1769,12.855
1365,Teublitz,49.2208,12.0853
1366,Renchen,48.5858,8.0106
1367,Bad Sachsa,51.5969,10.5522
1368,Meldorf,54.0833,9.0667
1369,Königsee,50.6613,11.0974
1370,Albbruck,47.5908,8.1295
1371,Vohenstrauß,49.6167,12.3333
1372,Birkenfeld,49.65,7.1833
1373,Haslach im Kinzigtal,48.2778,8.0869
1374,Homberg,50.7333,9
1375,Malchin,53.7333,12.7833
1376,Friedrichroda,50.8575,10.5651
1377,Radeburg,51.2125,13.7256
1378,Otterndorf,53.8081,8.8997
1379,Gundelsheim,49.2833,9.1667
1380,Treuenbrietzen,52.0972,12.8711
1381,Gedern,50.4244,9.1997
1382,Eibenstock,50.4956,12.5975
1383,Bernkastel-Kues,49.9161,7.0694
1384,Leipheim,48.4489,10.2208
1385,Weikersheim,49.4817,9.8992
1386,Oebisfelde,52.4333,10.9833
1387,Neugersdorf,50.9789,14.6108
1388,Gröditz,51.4142,13.4464
1389,Dettelbach,49.8017,10.1618
1390,Ebern,50.1,10.7936
1391,Parsberg,49.15,11.7167
1392,Elzach,48.1747,8.0717
1393,Nortorf,54.1667,9.8667
1394,Scheßlitz,49.9767,11.0339
1395,Wriezen,52.7167,14.1331
1396,Immenhausen,51.4167,9.5
1397,Gau-Algesheim,49.95,8.0167
1398,Freyung,48.8075,13.5475
1399,Heringen,50.8872,10.0056
1400,Lengenfeld,50.5667,12.3667
1401,Gerolzhofen,49.9,10.35
1402,Annweiler am Trifels,49.2033,7.9667
1403,Dingelstädt,51.3156,10.3194
1404,Greding,49.0519,11.3606
1405,Gerbstedt,51.6331,11.6167
1406,Rodalben,49.2397,7.6425
1407,Ettersburg,51.0611,11.2442
1408,Hartha,51.0978,12.9772
1409,Schwarzenbach an der Saale,50.2208,11.9333
1410,Ebermannstadt,49.7806,11.1848
1411,Neukirchen,50.8667,9.3333
1412,Stadtroda,50.85,11.7333
1413,Neustadt-Glewe,53.3794,11.5883
1414,Buttstädt,51.1167,11.4167
1415,Dietenheim,48.2119,10.0733
1416,Marne,53.95,9
1417,Edenkoben,49.2839,8.1272
1418,Polch,50.3011,7.3167
1419,Hecklingen,51.85,11.5167
1420,Moringen,51.7,9.8667
1421,Reichelsheim,50.3569,8.8725
1422,Geithain,51.05,12.6833
1423,Bonndorf im Schwarzwald,47.8194,8.3431
1424,Warnemünde,54.1753,12.0883
1425,Schelklingen,48.3756,9.7325
1426,Böhlen,51.2025,12.3858
1427,Artern,51.3667,11.3
1428,Höchstädt an der Donau,48.6112,10.5682
1429,Geiselhöring,48.8258,12.3925
1430,Römhild,50.3833,10.55
1431,Rodenberg,52.3128,9.3594
1432,Müncheberg,52.5036,14.1397
1433,Volkmarsen,51.3833,9.1167
1434,Jerichow,52.4995,12.028
1435,Herdorf,50.7775,7.9547
1436,Maulbronn,49.0003,8.8108
1437,Altenkirchen,50.6872,7.6456
1438,Waldeck,51.2,9.0667
1439,Waldsassen,50,12.3
1440,Waldmünchen,49.3785,12.7049
1441,Heitersheim,47.8753,7.6547
1442,Malchow,53.4833,12.4333
1443,Luftkurort Arendsee,52.8767,11.4867
1444,Glashütte,50.85,13.7833
1445,Mitterteich,49.9498,12.2442
1446,Annaburg,51.7328,13.0456
1447,Güglingen,49.0667,9
1448,Boxberg,49.4814,9.6417
1449,Bad Brückenau,50.3091,9.7871
1450,Ilshofen,49.1703,9.9203
1451,Hermeskeil,49.6572,6.9489
1452,Horstmar,52.0806,7.3083
1453,Sobernheim,49.7872,7.6528
1454,Arnstedt,51.6833,11.4667
1455,Zierenberg,51.3667,9.3
1456,Neuenstein,49.2,9.5833
1457,Neuffen,48.5544,9.3756
1458,Osterburken,49.4308,9.4261
1459,Uffenheim,49.5333,10.25
1460,Thalheim,50.7025,12.8517
1461,Burgkunstadt,50.1356,11.2499
1462,Rodewisch,50.5167,12.4167
1463,Thannhausen,48.2667,10.4667
1464,Bad Blankenburg,50.6833,11.2667
1465,Havelberg,52.825,12.0744
1466,Großalmerode,51.2575,9.7844
1467,Bad Marienberg,50.6519,7.9522
1468,Linz am Rhein,50.5703,7.2847
1469,Friedland,53.659,13.5397
1470,Blankenhain,50.86,11.3439
1471,Zell im Wiesental,47.7069,7.8514
1472,Beerfelden,49.5676,8.9738
1473,Rodach,50.3333,10.7833
1474,Laage,53.9322,12.3467
1475,Rosenfeld,48.2864,8.7242
1476,Kölleda,51.1667,11.2167
1477,Lübz,53.4631,12.0283
1478,Klingenberg am Main,49.7833,9.1833
1479,Trochtelfingen,48.3081,9.2444
1480,Falkenberg,51.5831,13.2322
1481,Beilstein,49.0333,9.3167
1482,Gammertingen,48.2494,9.2175
1483,Meersburg,47.6958,9.2708
1484,Großbreitenbach,50.5833,11.012
1485,Pegau,51.1667,12.25
1486,Alpirsbach,48.3461,8.4039
1487,Grafenwöhr,49.7167,11.9
1488,Wittenburg,53.5,11.0667
1489,Dohna,50.9547,13.8575
1490,Neumarkt-Sankt Veit,48.3667,12.5
1491,Hachenburg,50.6614,7.8203
1492,Norderney,53.7072,7.1469
1493,Neustadt,49.7306,12.1706
1494,Geisingen,47.9222,8.6464
1495,Oberlungwitz,50.7833,12.7167
1496,Glücksburg,54.8336,9.55
1497,Rötha,51.1972,12.4172
1498,Spangenberg,51.1167,9.6667
1499,Nabburg,49.4533,12.1808
1500,Bad Hönningen,50.5178,7.3086
1501,Lütjenburg,54.2947,10.5914
1502,Vilseck,49.6,11.8
1503,Nieheim,51.7997,9.1097
1504,Treffurt,51.1367,10.2375
1505,Wassertrüdingen,49.0333,10.6
1506,Dornhan,48.3494,8.5122
1507,Braunlage,51.7264,10.6101
1508,Windsbach,49.2489,10.8291
1509,Riedenburg,48.9667,11.6833
1510,Bad Königshofen im Grabfeld,50.2992,10.4667
1511,Geislingen,48.2875,8.8125
1512,Moorbad Lobenstein,50.4522,11.6393
1513,Kastellaun,50.0694,7.4431
1514,Schlüsselfeld,49.7567,10.6193
1515,Mügeln,51.2333,13.05
1516,Herrnhut,51.0167,14.7417
1517,Stadtoldendorf,51.8833,9.6167
1518,Bredstedt,54.62,8.9644
1519,Wemding,48.8667,10.7167
1520,Westerburg,50.5639,7.9725
1521,Haiterbach,48.5244,8.6503
1522,Münzenberg,50.4533,8.7761
1523,Rochlitz,51.0481,12.7986
1524,Wolfach,48.2994,8.2228
1525,Leun,50.55,8.3667
1526,Hausach,48.2853,8.1797
1527,Bräunlingen,47.9297,8.4481
1528,Gransee,53.0069,13.1586
1529,Kaltennordheim,50.6333,10.1667
1530,Waibstadt,49.2975,8.92
1531,Biesenthal,52.7667,13.6331
1532,Tittmoning,48.0631,12.7669
1533,Dierdorf,50.5489,7.6594
1534,Hagenbach,49.0206,8.2483
1535,Wirges,50.4742,7.7953
1536,Fürstenberg,53.1853,13.1456
1537,Grebenstein,51.45,9.4167
1538,Weidenberg,49.9422,11.7203
1539,Neubulach,48.6611,8.6967
1540,Schwarzheide,51.4831,13.8333
1541,Wittichenau,51.385,14.244
1542,Schrozberg,49.3444,9.9806
1543,Großschirma,50.9664,13.2781
1544,Bodenwerder,51.9667,9.5167
1545,Traben-Trarbach,49.9511,7.1167
1546,Wasungen,50.6667,10.3667
1547,Grabow,53.2798,11.5531
1548,Hirschau,49.5333,11.95
1549,Munderkingen,48.2353,9.6439
1550,Großschönau,50.8964,14.6622
1551,Ruhla,50.8919,10.3667
1552,Leutershausen,49.2919,10.4162
1553,Prüm,50.2081,6.4244
1554,Stolpen,51.0489,14.0828
1555,Gadebusch,53.7,11.1167
1556,Unkel,50.6008,7.215
1557,Abenberg,49.2406,10.9619
1558,Mellrichstadt,50.4278,10.3027
1559,Ellrich,51.5856,10.6681
1560,Schöppenstedt,52.1331,10.7783
1561,Harburg,48.7667,10.6667
1562,Kemnath,49.8667,11.8833
1563,Ingelfingen,49.3,9.65
1564,Drebkau,51.65,14.2167
1565,Cochem,50.1469,7.1667
1566,Otterberg,49.5044,7.7711
1567,Seelow,52.5167,14.3831
1568,Jestetten,47.6522,8.5708
1569,Gersfeld,50.45,9.9167
1570,Tharandt,50.9833,13.5808
1571,Niedenstein,51.2333,9.3167
1572,Rockenhausen,49.6286,7.8206
1573,Pfreimd,49.5,12.1833
1574,Eltmann,49.9718,10.6666
1575,Neudenau,49.2833,9.2667
1576,Thum,50.6711,12.9514
1577,Kusel,49.5347,7.3981
1578,Altentreptow,53.6927,13.2562
1579,Battenberg,51.0167,8.65
1580,Heimsheim,48.8056,8.8619
1581,Stühlingen,47.7453,8.4458
1582,Lindenfels,49.6849,8.7803
1583,Mahlberg,48.2869,7.8114
1584,Bederkesa,53.6271,8.8304
1585,Velburg,49.2328,11.6719
1586,Pottenstein,49.7722,11.4114
1587,Borkum,53.5881,6.6697
1588,Oettingen in Bayern,48.95,10.5833
1589,Vacha,50.8289,10.0214
1590,Ronneburg,50.8636,12.1808
1591,Wahrenbrück,51.55,13.35
1592,Arzberg,50.0667,12.1833
1593,Amöneburg,50.7978,8.9231
1594,Röbel,53.3761,12.6061
1595,Hofheim in Unterfranken,50.1333,10.5167
1596,Forchtenberg,49.2833,9.5667
1597,Külsheim,49.6694,9.5206
1598,Monheim,48.8422,10.8564
1599,Erbendorf,49.8333,12.05
1600,Schwaan,53.9333,12.1
1601,Freren,52.4667,7.5333
1602,Spalt,49.1739,10.9275
1603,Oberviechtach,49.4667,12.4167
1604,Hollfeld,49.9369,11.2908
1605,Naumburg,51.25,9.1667
1606,Saal,48.9011,11.9319